player_id,observed_proportional_log_lift,observed_additional_pageviews,scoring_appearances,baseline_views,baseline_visibility_z,player_name,team_name,position_code,observed_percent_change,proportional_rank,additive_rank,rank_difference,rank_displacement,absolute_rank_displacement
P-70442,1.9901016330655408,433830.4812903216,1,47623.12903225807,3.2527302299507523,Cristiano Ronaldo,Portugal,FW,631.6277300215276,112,1,-111,-111,111
P-14758,2.3486373500095445,409307.70752688096,6,41498.58064516129,3.168478097148496,Lionel Messi,Argentina,FW,947.1291293703572,99,6,-93,-93,93
P-24978,5.032962047451046,8381.290322580646,1,25.35483870967742,-1.4494453379712122,Yeltsin Tejeda,Costa Rica,MF,15238.667909505632,24,115,91,91,91
P-98747,5.555385680547351,17148.8064516129,1,28.096774193548388,-1.412880010731577,Rouzbeh Cheshmi,Iran,DF,25762.66925721037,11,102,91,91,91
P-00549,1.7880710703748024,145122.83870967742,2,12679.58064516129,2.4017515074466367,Robert Lewandowski,Poland,FW,497.7910369606988,113,28,-85,-85,85
P-80986,6.278892083125552,27271.451612903227,1,16.774193548387096,-1.6973636351005652,Keysher Fuller,Costa Rica,DF,53219.75978439673,5,90,85,85,85
P-32599,5.426130239386378,22010.93548387097,1,46.03225806451613,-1.0768157095754003,Paik Seung-ho,South Korea,MF,22626.80685314893,13,94,81,81,81
P-52013,4.848672664203287,14860.935483870968,1,48.03225806451613,-1.0496479285587752,Achraf Dari,Morocco,DF,12657.094793193632,27,106,79,79,79
P-58924,2.684082570428409,232664.41935483876,2,7834.290322580645,2.0844128950653564,Harry Kane,England,FW,1364.4759679699712,93,16,-77,-77,77
P-09867,9.80206959204716,38407.93548387097,1,0.032258064516129,-3.4656508699566246,Théo Hernandez,France,DF,1807010.607073829,1,76,75,75,75
P-47137,5.055975739363465,19149.774193548383,1,51.61290322580645,-1.0115420747990576,Ramin Rezaeian,Iran,DF,15595.760536531165,23,98,75,75,75
P-87008,2.9135099994474807,352425.43419354793,2,11557.806451612903,2.3787866696184805,Neymar,Brazil,FW,1742.134413102539,84,9,-75,-75,75
P-07259,4.508498157850789,12600.41935483871,1,66.29032258064517,-0.8502559351059256,Young-gwon Kim,South Korea,DF,8978.537077833202,37,110,73,73,73
P-15674,3.023285006796036,319987.29032258067,1,7114.354838709677,2.0271007282670457,Jude Bellingham,England,MF,1955.871640132889,81,11,-70,-70,70
P-10501,2.277280315565364,112075.09677419356,1,8566.451612903225,1.9514219858822528,Phil Foden,England,MF,875.0127048744935,102,35,-67,-67,67
P-48295,5.093704039148847,28412.967741935485,1,92.51612903225806,-0.7372109925801373,Zakaria Aboukhlal,Morocco,MF,16199.24758234253,21,87,66,66,66
P-59837,2.1895067667112054,100177.51612903224,2,6982.741935483871,1.858702280582952,Marcus Rashford,England,FW,793.0807056844633,105,39,-66,-66,66
P-82447,5.444561524773725,34798.41935483871,1,76.29032258064517,-0.7691832351785303,Ao Tanaka,Japan,MF,23049.57523027516,12,78,66,66,66
P-59303,5.390005348568788,30997.06451612904,1,43.96774193548387,-1.1138581577778943,Jean-Charles Castelletto,Cameroon,DF,21820.455798147625,16,81,65,65,65
P-64077,3.348686693743767,379417.32935483824,4,13077.16129032258,2.4284651693193355,Kylian Mbappé,France,FW,2746.5325394973497,72,7,-65,-65,65
P-27280,4.3737264489749785,14917.83870967742,1,62.58064516129032,-0.906483844508294,Famara Diédhiou,Senegal,FW,7833.873325884944,41,105,64,64,64
P-65777,4.014488187765624,3464.1935483870966,1,23.90322580645161,-1.492319085177698,Juan Pablo Vargas,Costa Rica,DF,5439.493633971417,52,116,64,64,64
P-63927,3.347146133071684,319758.8064516129,1,4861.096774193548,1.827041618415724,Gareth Bale,Wales,FW,2742.150659557783,73,12,-61,-61,61
P-72363,4.562347301267073,20386.41935483871,1,108.29032258064515,-0.5964157688954996,Osman Bukari,Ghana,MF,9480.810658357645,35,96,61,61,61
P-76842,3.0517410384483368,225990.0,2,5951.0,1.7916560681257692,Bukayo Saka,England,FW,2015.2139070183875,80,19,-61,-61,61
P-49806,5.578879511125653,44761.096774193546,1,152.4516129032258,-0.6934613476244412,Luis Chávez,Mexico,MF,26377.47623369863,10,69,59,59,59
P-37308,6.171954478499661,57471.967741935485,1,57.516129032258064,-1.0321183384989747,Saleh Al-Shehri,Saudi Arabia,FW,47812.16244799335,7,64,57,57,57
P-21553,2.081783597532663,68117.83870967742,1,4144.580645161291,1.6980091368776424,Raheem Sterling,England,MF,701.8758404864061,110,54,-56,-56,56
P-88433,2.9856941627523046,146102.64516129033,1,5303.677419354839,1.6630624322077416,Gavi,Spain,MF,1880.024205750552,83,27,-56,-56,56
P-10739,4.657677691219281,28306.870967741936,1,158.06451612903226,-0.4072684106069904,Enzo Fernández,Argentina,MF,10439.104718906,33,88,55,55,55
P-02305,2.129248816761077,65435.1935483871,1,5139.903225806452,1.7357997888547811,Casemiro,Brazil,MF,740.8548078094022,109,55,-54,-54,54
P-82010,5.311552931856964,43417.0,1,98.0,-0.7013264210606258,Craig Goodwin,Australia,FW,20166.470862406382,17,71,54,54,54
P-28911,2.824317947712307,110045.17204301077,3,3453.5806451612902,1.5217055206487398,Cody Gakpo,Netherlands,FW,1584.9448860913506,89,36,-53,-53,53
P-17048,4.837006351747125,34531.93548387097,1,105.03225806451611,-0.5877894731927009,Mohammed Muntari,Qatar,FW,12509.131311591378,28,79,51,51,51
P-46461,5.415550038619646,58324.54838709677,1,123.2258064516129,-0.534612852066771,Bruno Petković,Croatia,FW,22387.62022634337,15,62,47,47,47
P-19776,3.488221559719692,180771.52688172043,3,2290.903225806452,1.2195328983042857,Julián Álvarez,Argentina,FW,3172.76916739948,68,22,-46,-46,46
P-92812,2.157255121534704,60648.0,1,4039.0,1.6997631529443642,Vinícius Júnior,Brazil,FW,764.7369075294581,106,60,-46,-46,46
P-46358,3.535004103004728,211129.61290322585,1,2295.1935483870966,1.3470982892110597,Alphonso Davies,Canada,FW,3329.5155427125046,65,20,-45,-45,45
P-11737,4.096281064512204,353102.6451612903,1,3139.6774193548385,1.5315953324482126,Christian Pulisic,United States,FW,5911.630271129458,50,8,-42,-42,42
P-21153,2.426209965739419,65010.32258064516,1,3377.8387096774195,1.5670674575556818,Jack Grealish,England,FW,1031.5913006322305,97,56,-41,-41,41
P-89750,3.9648192604453207,316737.82795698923,3,3172.4193548387098,1.4814779328081895,Olivier Giroud,France,FW,5171.074161268427,54,13,-41,-41,41
P-17931,2.876577197320155,74179.93548387097,1,1865.032258064516,1.1820180702241625,João Félix,Portugal,FW,1675.3402670931405,87,47,-40,-40,40
P-08169,2.9957131046463283,80217.3870967742,1,2337.8064516129034,1.261005560383594,Jordan Henderson,England,MF,1899.96166255212,82,43,-39,-39,39
P-27540,3.913459740189128,230524.5806451613,1,1882.7096774193549,1.2373527204624777,Memphis Depay,Netherlands,FW,4907.188836794162,57,18,-39,-39,39
P-58907,4.887332569386001,56158.45161290323,2,203.7741935483871,-0.1682809923538396,Ritsu Dōan,Japan,MF,13159.940219204767,26,65,39,39,39
P-70583,5.120329869371057,63756.338709677424,2,129.5806451612903,-0.4393771441819892,Salem Al-Dawsari,Saudi Arabia,MF,16639.057753943656,20,58,38,38,38
P-08896,2.5501438672283543,64373.22580645161,1,2448.3870967741937,1.2993555790263127,İlkay Gündoğan,Germany,MF,1180.894643773315,94,57,-37,-37,37
P-27349,2.3359504846261645,58255.91935483871,2,3143.2903225806454,1.4904789198392026,Rafael Leão,Portugal,FW,933.9282589633266,100,63,-37,-37,37
P-39584,2.9075894006511733,73000.0,1,2334.0,1.3102110644159772,Bruno Fernandes,Portugal,MF,1731.2600973093936,85,48,-37,-37,37
P-54517,3.816969755013932,173296.67741935485,1,1697.1612903225807,1.1376128652272048,Aurélien Tchouaméni,France,MF,4446.622556360426,61,24,-37,-37,37
P-88928,3.184397650743419,9700.064516129032,1,161.96774193548387,-0.3089487974887203,Bamba Dieng,Senegal,FW,2315.27356410038,77,114,37,37,37
P-42223,4.768188391939979,49166.74193548387,1,162.1290322580645,-0.2954303746211538,Wahbi Khazri,Tunisia,FW,11670.581189568784,31,67,36,36,36
P-64353,3.3712360348642347,13917.129032258064,1,225.9354838709677,-0.1287653790037874,Lovro Majer,Croatia,MF,2811.4491353023686,71,107,36,36,36
P-06117,2.130292442380373,39965.12903225806,1,4111.935483870968,1.2938140948230596,Eric Maxim Choupo-Moting,Cameroon,FW,741.7328034986484,108,73,-35,-35,35
P-26942,4.163746590486464,30130.0,1,235.0,-0.1574909845622118,Mislav Oršić,Croatia,FW,6331.202260315122,47,82,35,35,35
P-33622,3.4698124160403365,16818.8064516129,1,187.0967741935484,-0.2627241201974201,Boulaye Dia,Senegal,FW,3113.0714672729027,69,104,35,35,35
P-35837,5.415834429424523,71684.2258064516,1,164.38709677419354,-0.3204306324339318,Mathew Leckie,Australia,FW,22394.01640822385,14,49,35,35,35
P-68131,4.9812925221804685,63027.83870967742,1,182.5806451612904,-0.2766245240740014,Haji Wright,United States,FW,14466.253208669732,25,59,34,34,34
P-98435,3.309742502809322,13696.516129032258,1,241.7419354838709,-0.1551681623069568,Strahinja Pavlović,Serbia,DF,2637.80747868326,74,108,34,34,34
P-05304,3.777071019300733,21182.1935483871,1,161.90322580645162,-0.2999101933618938,Ricardo Horta,Portugal,FW,4268.78931589807,62,95,33,33,33
P-50142,3.838938335321868,26263.25806451613,1,246.8709677419355,-0.1298912990550605,Mohammed Salisu,Ghana,DF,4547.610619783954,58,91,33,33,33
P-91029,6.178621287684446,101493.80645161292,1,91.09677419354838,-0.6605313674525731,Mitchell Duke,Australia,FW,48132.65082304189,6,38,32,32,32
P-49482,3.1469976854352666,13349.225806451614,1,327.38709677419354,0.0518131260174772,Henry Martín,Mexico,FW,2226.610744358283,78,109,31,31,31
P-29274,2.762988546008193,60543.795698924725,3,1629.9354838709678,1.1313020865643626,Álvaro Morata,Spain,FW,1484.7132133589944,91,61,-30,-30,30
P-31301,3.5039226429809016,103125.58064516127,1,1516.7096774193549,1.0583114645189335,Ferran Torres,Spain,MF,3224.560716318427,67,37,-30,-30,30
P-87169,6.836948820134472,127193.3870967742,1,67.80645161290323,-0.9012049355057604,Cho Gue-sung,South Korea,FW,93064.21857821086,2,32,30,30,30
P-42113,4.775509636154878,433830.4812903216,1,2584.1612903225805,1.411970184544235,Ángel Di María,Argentina,MF,11757.072715467812,30,1,-29,-29,29
P-85696,1.7279449304012546,29046.41935483871,2,2750.2903225806454,1.3873497090726126,Aleksandar Mitrović,Serbia,FW,462.90738750268696,114,85,-29,-29,29
P-39460,4.10542403435108,183210.16129032252,1,1429.4193548387098,1.0597720362466223,Xherdan Shaqiri,Switzerland,MF,5966.846460714698,49,21,-28,-28,28
P-93884,3.1315201338479843,69511.0,1,1644.0,1.0478736106040487,Ivan Perišić,Croatia,MF,2190.877749505323,79,51,-28,-28,28
P-68060,2.8866810976409454,10496.129032258064,1,440.9354838709677,0.092918112149232,Remo Freuler,Switzerland,MF,1693.369055349202,86,113,27,27,27
P-81972,4.324461046249767,242732.7741935484,1,1361.6129032258063,1.031915975581616,Pepe,Portugal,DF,7452.479751601173,42,15,-27,-27,27
P-26068,3.817473583406578,28511.870967741936,1,285.06451612903226,0.0485023357592225,Romain Saïss,Morocco,DF,4448.913851056156,60,86,26,26,26
P-67578,3.297399523798348,18604.548387096773,1,369.2258064516129,0.1740373102134856,Raphaël Guerreiro,Portugal,DF,2604.222474325821,75,101,26,26,26
P-05164,3.4145881216665632,78747.48387096774,1,1428.258064516129,1.0161199925557105,Lucas Paquetá,Brazil,MF,2940.442392479541,70,45,-25,-25,25
P-31643,4.204672730792095,44614.967741935485,1,266.51612903225805,-0.0219629642444433,Marko Livaja,Croatia,FW,6599.866747712667,46,70,24,24,24
P-71343,4.8008330104391606,432807.9032258064,1,2111.548387096774,1.1332175464809509,Alexis Mac Allister,Argentina,MF,12061.167913513102,29,5,-24,-24,24
P-84430,4.248350529165558,55122.93548387097,1,353.03225806451616,0.1797520575941391,Nahuel Molina,Argentina,DF,6898.987083106222,43,66,23,23,23
P-68016,4.516048059030863,316309.30516128987,2,1926.935483870968,1.167831224653349,Richarlison,Brazil,FW,9047.33853090398,36,14,-22,-22,22
P-42078,3.8361945962678,34018.16129032258,1,426.4193548387097,0.1565272562731028,Davy Klaassen,Netherlands,MF,4534.876266877844,59,80,21,21,21
P-85860,3.957313507915427,115934.58064516127,1,1094.7096774193549,0.7719629979955114,Mehdi Taremi,Iran,FW,5131.6588887304615,55,34,-21,-21,21
P-13975,4.026839442912042,131096.93548387097,1,960.032258064516,0.784589482519769,Michy Batshuayi,Belgium,FW,5508.337612803522,51,31,-20,-20,20
P-46913,6.347725689942437,178705.90322580645,1,134.5483870967742,-0.412119076061664,Takuma Asano,Japan,FW,57019.21625711952,3,23,20,20,20
P-65182,4.6118879237203965,68137.70967741935,1,275.64516129032256,0.0202040268416007,Andrej Kramarić,Croatia,FW,9967.4035234374,34,53,19,19,19
P-77743,2.250240757091734,29308.8064516129,1,1936.0967741935483,1.1971234970967484,Kai Havertz,Germany,FW,849.0020351041147,103,84,-19,-19,19
P-47321,2.6969888601096867,38835.77419354839,1,1227.6129032258063,0.9589145613270316,Kalidou Koulibaly,Senegal,DF,1383.4994160454137,92,74,-18,-18,18
P-63293,1.6669506723982623,19738.93548387097,1,2389.032258064516,1.3507233656232964,Dušan Vlahović,Serbia,FW,429.5993929535268,115,97,-18,-18,18
P-23925,1.420878264456987,19068.0,1,5138.0,1.521774419794184,Manuel Akanji,Switzerland,DF,314.0755522136289,116,99,-17,-17,17
P-37935,3.2382349284820515,23064.16129032258,1,389.4193548387097,0.2301563213684848,Ismaïla Sarr,Senegal,FW,2448.869265382388,76,93,17,17,17
P-09400,2.8521832779679235,40787.16129032258,1,1070.4193548387098,0.8624094524512133,Marco Asensio,Spain,MF,1632.5567106634614,88,72,-16,-16,16
P-27744,2.2378009018866374,27527.09677419355,1,1271.451612903226,0.92233314645068,Sergej Milinković-Savić,Serbia,MF,837.2697126917739,104,89,-15,-15,15
P-46246,4.247239740633595,133058.16129032258,2,656.4193548387096,0.5167727234611702,Niclas Füllkrug,Germany,FW,6891.217004774829,44,30,-14,-14,14
P-70715,2.8226321758632587,35449.22580645161,1,1044.3870967741937,0.8706336899096601,Hakim Ziyech,Morocco,MF,1582.1068462511157,90,77,-13,-13,13
P-75989,2.473012334378044,29612.25806451613,1,1241.8709677419354,0.9134976363721862,Serge Gnabry,Germany,FW,1085.811370800841,96,83,-13,-13,13
P-01945,4.24192046113283,123289.6129032258,1,634.1935483870968,0.5171389657070549,André Ayew,Ghana,MF,6854.12749965118,45,33,-12,-12,12
P-39861,3.706215423782199,69131.16129032258,1,703.4193548387096,0.5415049401623387,Daley Blind,Netherlands,DF,3969.94843885456,63,52,-11,-11,11
P-58692,3.616943580470485,38699.6129032258,1,556.1935483870968,0.4451758189825289,Hee-chan Hwang,South Korea,MF,3622.362277122044,64,75,11,11,11
P-53452,5.1272348379265535,138579.85483870967,2,349.3225806451613,0.187400719469675,Vincent Aboubakar,Cameroon,FW,16755.040388782876,19,29,10,10,10
P-58420,4.014232218621644,79151.12903225806,1,798.9354838709677,0.5916229108049905,Joško Gvardiol,Croatia,DF,5438.075875986734,53,44,-9,-9,9
P-42517,4.415909908893425,76927.12903225806,2,321.93548387096774,0.072708881784868,Youssef En-Nesyri,Morocco,FW,8175.710808641876,38,46,8,8,8
P-23821,4.149987141237735,87708.74193548386,1,733.1290322580645,0.532526819727309,Mohammed Kudus,Ghana,MF,6243.318462063827,48,41,-7,-7,7
P-30252,6.02304485855388,433830.4812903216,1,691.8387096774194,0.6036785848242322,Timothy Weah,United States,FW,41183.37041786181,8,1,-7,-7,7
P-92987,5.166279722065741,167122.25806451612,1,505.8709677419355,0.344896336670391,Randal Kolo Muani,France,FW,17426.160125944512,18,25,7,7,7
P-17688,1.3836024677690126,11843.903225806453,1,1971.548387096774,1.2379159944684772,Frenkie de Jong,Netherlands,MF,298.92469061807003,117,111,-6,-6,6
P-19075,4.741616239863581,147638.3064516129,2,400.0967741935484,0.2256333828149222,Breel Embolo,Switzerland,FW,11361.930434352867,32,26,-6,-6,6
P-30206,3.9478053284448658,70385.35483870968,1,492.3225806451613,0.3215460259730202,Daizen Maeda,Japan,FW,5082.151074659246,56,50,-6,-6,6
P-62594,2.0400883173514046,721.9316129032258,1,22.0,-1.541511423874282,Giorgian De Arrascaeta,Uruguay,MF,669.1288443108215,111,117,6,6,6
P-82216,2.142144838373615,10513.32258064516,1,760.8387096774194,0.5328507671537215,Moisés Caicedo,Ecuador,MF,751.7687112967445,107,112,5,5,5
P-95036,5.059471558473999,231887.4516129032,1,777.7741935483871,0.6392472390883991,Wout Weghorst,Netherlands,FW,15650.726095017337,22,17,-5,-5,5
P-18923,2.5332102655748665,23807.548387096773,1,780.2258064516129,0.6544715646486553,Andreas Christensen,Denmark,DF,1159.387098153259,95,92,-3,-3,3
P-41647,6.326232596938474,433830.4812903216,1,671.1290322580645,0.5298090280196022,Gonçalo Ramos,Portugal,FW,55804.646812618295,4,1,-3,-3,3
P-30405,2.363531953409077,18632.225806451614,1,1206.3870967741937,0.7632319591677444,Carlos Soler,Spain,MF,962.8424336807204,98,100,2,2,2
P-32165,2.32324474101748,16897.16129032258,1,808.4193548387096,0.6149354449735884,Piotr Zieliński,Poland,MF,920.8745358359412,101,103,2,2,2
P-40007,4.40078740708385,87662.0,1,430.0,0.258066274768012,Dani Olmo,Spain,FW,8051.502891274248,40,42,2,2,2
P-57401,3.51812007743426,47530.16129032258,1,706.4193548387096,0.5401069804029046,Adrien Rabiot,France,MF,3272.09760159414,66,68,2,2,2
P-75912,5.583066585466236,332656.5148387092,2,761.2258064516129,0.629966034091478,Enner Valencia,Ecuador,FW,26488.571815463216,9,10,1,1,1
P-97615,4.407400120845702,98438.19354838708,1,569.9032258064516,0.4108903959728547,Denzel Dumfries,Netherlands,DF,8105.585064513558,39,40,1,1,1
